{"collDD": 7.1643077696635, "collDO": 0.0, "arrived": 15.0, "arrivalTime": 30.796513117043418, "droneFault": 655.5485429431367}