{"collDD": 0.24127696961608505, "collDO": 0.0, "arrived": 3.488482888478835, "arrivalTime": 10.251741005488864, "droneFault": 0.0}