{"collDD": 6.897930721239945, "collDO": 0.0, "arrived": 14.59854425459547, "arrivalTime": 39.47243400901196, "droneFault": 849.9919390837329}