{"collDD": 7.139574225631955, "collDO": 0.0, "arrived": 10.611401007939586, "arrivalTime": 20.75907714593532, "droneFault": 0.0}