{"collDD": 5.1228891192842045, "collDO": 0.0, "arrived": 16.998862666346156, "arrivalTime": 27.13952328384986, "droneFault": 509.3286155393271}