{"collDD": 1.4605248014457404, "collDO": 0.0, "arrived": 8.340265287916292, "arrivalTime": 10.087166524247472, "droneFault": 0.0}