{"collDD": 0.032971326267347084, "collDO": 0.0, "arrived": 4.0, "arrivalTime": 19.29161837245433, "droneFault": 39.048443654432724}