{"collDD": 1.6086427715587452, "collDO": 0.0, "arrived": 8.369386067845928, "arrivalTime": 10.345846198970376, "droneFault": 0.0}