{"collDD": 2.35, "collDO": 0.0, "arrived": 16.71190985176496, "arrivalTime": 20.654659649597313, "droneFault": 0.0}
