{"collDD": 6.164307769663499, "collDO": 0.0, "arrived": 14.1643077696635, "arrivalTime": 17.261692607446058, "droneFault": 0.0}