{"collDD": 0.05435773927268103, "collDO": 0.0, "arrived": 3.9886914166661973, "arrivalTime": 12.369025747827948, "droneFault": 29.90553073077657}