{"collDD": 5.270009588448067, "collDO": 0.0, "arrived": 17.57124755984784, "arrivalTime": 21.824426087356848, "droneFault": 477.3956596861698}