{"collDD": 9.0, "collDO": 0.0, "arrived": 11.328615539327, "arrivalTime": 60.225231581466744, "droneFault": 679.5384712079374}