{"collDD": 0.024251469876636043, "collDO": 0.0, "arrived": 4.0, "arrivalTime": 14.672277747779574, "droneFault": 34.108666561679456}