{"collDD": 1.4265723771839602, "collDO": 0.0, "arrived": 7.364531941703321, "arrivalTime": 14.180173880861465, "droneFault": 0.0}