{"collDD": 2.577901574959281, "collDO": 0.0, "arrived": 6.769352513508279, "arrivalTime": 17.20407896525791, "droneFault": 0.0}