{"collDD": 0.8478537347606974, "collDO": 0.0, "arrived": 2.5652712161148807, "arrivalTime": 11.663236818019453, "droneFault": 16.41550858049556}