{"collDD": 1.0, "collDO": 0.0, "arrived": 8.645256734043873, "arrivalTime": 10.420133281385853, "droneFault": 0.0}