{"collDD": 1.2143011176583154, "collDO": 0.0, "arrived": 7.76127208843665, "arrivalTime": 14.173295906754557, "droneFault": 0.0}