{"collDD": 0.21533085960194634, "collDO": 0.0, "arrived": 3.5646826800799856, "arrivalTime": 10.177836828097682, "droneFault": 0.0}