{"collDD": 0.8207316888421211, "collDO": 0.0, "arrived": 3.535882749076035, "arrivalTime": 13.084268479266562, "droneFault": 33.33793223009982}