{"collDD": 5.013079491986637, "collDO": 0.0, "arrived": 13.537862299960427, "arrivalTime": 15.49059351986441, "droneFault": 0.0}