{"collDD": 0.3287249759734378, "collDO": 0.0, "arrived": 3.293062041093423, "arrivalTime": 21.636150025318592, "droneFault": 0.0}