{"collDD": 0.8902803156733075, "collDO": 0.0, "arrived": 3.3962699319261027, "arrivalTime": 19.67710512734494, "droneFault": 53.27187247052538}