{"collDD": 1.3820139514043048, "collDO": 0.0, "arrived": 8.146742782255682, "arrivalTime": 12.116402908370326, "droneFault": 0.0}