{"collDD": 0.07026915473037441, "collDO": 0.0, "arrived": 3.888019717567783, "arrivalTime": 9.148810852991316, "droneFault": 0.0}