{"collDD": 2.5407361630289627, "collDO": 0.0, "arrived": 16.63397153652067, "arrivalTime": 19.25257777329607, "droneFault": 0.0}