{"collDD": 0.17596404845735478, "collDO": 0.0, "arrived": 3.7240502817630876, "arrivalTime": 17.139960079139513, "droneFault": 0.0}