{"collDD": 2.4036383572512943, "collDO": 0.0, "arrived": 8.092237812834222, "arrivalTime": 22.75818610487171, "droneFault": 206.6033801527323}