{"collDD": 1.2499876409624242, "collDO": 0.0, "arrived": 7.81997555161688, "arrivalTime": 21.57641365660208, "droneFault": 213.04858681434203}