{"collDD": 1.4166341204480113, "collDO": 0.0, "arrived": 8.12469988961525, "arrivalTime": 11.579400858596387, "droneFault": 0.0}