{"collDD": 2.359156181352582, "collDO": 0.0, "arrived": 9.0, "arrivalTime": 21.449001288930354, "droneFault": 209.77231027174417}