{"collDD": 4.0, "collDO": 0.0, "arrived": 13.628697024854965, "arrivalTime": 16.477408773367706, "droneFault": 0.0}