{"collDD": 0.0025487714517361177, "collDO": 0.0, "arrived": 4.0, "arrivalTime": 12.172064998443167, "droneFault": 0.0}