{"collDD": 5.659252967530217, "collDO": 0.0, "arrived": 12.0, "arrivalTime": 16.465805702653398, "droneFault": 0.0}