{"collDD": 3.1951804269238098, "collDO": 0.0, "arrived": 15.190344378846497, "arrivalTime": 16.258511157673944, "droneFault": 0.0}